<?xml version="1.0"?><fonts><font displayName="Bauer Bodoni® W01 Black Italic" psName="BauerBodoniW01-BlackItalic" FamilyName="Bauer Bodoni®" FontWeight="900" FontStyle="italic" FontStretch="normal" CssFamilyName="BauerBodoniW01-BlackIta" woff="2e0c0536-949e-4b3a-a465-e562cf02d60b.woff" eot="f5650444-5085-482f-95c4-fed344d7b399.eot" ttf="f5de218c-65fe-4f39-b133-0f871722bfa5.ttf" svg="be1fbad4-abf5-49be-a8ce-a23bc83cac9b.svg" woff2="806f1bc0-d615-41ad-b6e9-3f27b8e9b148.woff2"/><font displayName="Trajan™ W01 Regular" psName="TrajanW01-Regular" FamilyName="Trajan™" FontWeight="400" FontStyle="normal" FontStretch="normal" CssFamilyName="Trajan W01 Regular" woff="b4312891-e355-4bdc-80c9-ef3dbf7bd916.woff" eot="5cbd8dde-fb39-4dd1-aa25-5bb5842eb03d.eot" ttf="124dc47b-32a0-4543-a60e-d8aad32782b4.ttf" svg="001e534b-3742-45b3-b20b-d4c53c41a519.svg" woff2="610145ac-dd31-4024-b833-3ab0ce6b7847.woff2"/><font displayName="Trade Gothic® Next W01 Italic" psName="TradeGothicNextLTW01-It" FamilyName="Trade Gothic® Next" FontWeight="400" FontStyle="italic" FontStretch="normal" CssFamilyName="TradeGothicNextW01-Ital" woff="3bde4253-d238-40b7-b813-eea7bdd9e80d.woff" eot="5907bd95-539f-4f25-b115-69c42aee6b21.eot" ttf="6005c161-37f3-4678-869a-1b4306ecc563.ttf" svg="1301d16e-d0ec-407b-9796-677535450691.svg" woff2="e41c3ce6-57bc-473c-aaf0-9e0e771bf6c8.woff2"/><font displayName="Trade Gothic® W01 Bold #2 Oblique" psName="TradeGothicW01-Bold2Obl" FamilyName="Trade Gothic®" FontWeight="800" FontStyle="oblique" FontStretch="normal" CssFamilyName="TradeGothicW01-Bold2Obl" woff="25f577c3-f32b-4fbf-b684-3e7c1a76d1ea.woff" eot="363fd092-cd55-4bd1-bdc5-cfc9a7057517.eot" ttf="2ed49e17-92ad-4026-9ae6-d20f88f21840.ttf" svg="969cd675-2b4c-4baa-ada6-62bb7ace778f.svg" woff2="2576748c-c86d-474c-b80b-33a1ce248599.woff2"/><font displayName="Trade Gothic® W01 Bold #2" psName="TradeGothicW01-Bold2" FamilyName="Trade Gothic®" FontWeight="800" FontStyle="normal" FontStretch="normal" CssFamilyName="Trade Gothic W01 Bold_2" woff="1454a71d-cdbb-429c-8092-122f4493e0c7.woff" eot="bb3aa0a7-2585-4e89-ad82-658fd561751a.eot" ttf="d5ea405c-2180-4ff0-bd51-3e19fb280be4.ttf" svg="70ac6679-cf48-4a0e-a909-d1e3bb4a1aa9.svg" woff2="7bb1c0cb-e6e9-44ea-ae0c-1984ad7e3339.woff2"/><font displayName="Trade Gothic® Next W01 Regular" psName="TradeGothicNextLTW01-Rg" FamilyName="Trade Gothic® Next" FontWeight="400" FontStyle="normal" FontStretch="normal" CssFamilyName="Trade Gothic Next W01" woff="57625f96-ca80-4602-9644-ec1803cb3ba3.woff" eot="8a6c3750-4927-4649-9dac-87049f5e9700.eot" ttf="6618d500-1727-4334-878e-1c4b95192f42.ttf" svg="01ebe944-ca6c-41db-a3ba-b7e2a90536d9.svg" woff2="d4eef5b1-2f4a-42d6-ae2d-6220d71243be.woff2"/><font displayName="Trade Gothic® W01 Light Oblique" psName="TradeGothicW01-LightObl" FamilyName="Trade Gothic®" FontWeight="200" FontStyle="oblique" FontStretch="normal" CssFamilyName="TradeGothicW01-LightObl" woff="c357a65e-dd87-4d11-8063-db04802d44c0.woff" eot="b1721311-de06-4277-8dcb-bf39e072b75e.eot" ttf="6b9ca17d-cb9d-43bb-8b43-93670b45b83f.ttf" svg="198ed3e2-0cdf-496f-a0ef-86da8d4dde55.svg" woff2="c71beaba-ad09-45b0-9e21-78db525b4d1c.woff2"/><font displayName="Trade Gothic® W01 Light" psName="TradeGothicW01-Light" FamilyName="Trade Gothic®" FontWeight="200" FontStyle="normal" FontStretch="normal" CssFamilyName="Trade Gothic W01 Light" woff="537b145a-6a7d-4787-81d9-7228d3a42458.woff" eot="1d699af3-0e50-4c4b-a343-42d071e85714.eot" ttf="8e50278c-45cd-4808-b774-24767d958f17.ttf" svg="d918b947-5fcb-42e2-8286-a98a801876de.svg" woff2="5414f75e-5cb8-4357-88e5-5a294424c859.woff2"/><font displayName="Bauer Bodoni® W01 Italic" psName="BauerBodoniW01-Italic" FamilyName="Bauer Bodoni®" FontWeight="400" FontStyle="italic" FontStretch="normal" CssFamilyName="Bauer Bodoni W01 Italic" woff="47cb918f-38fe-4009-ae12-16659f98a1eb.woff" eot="0d956984-1d14-4bf5-bfbd-24047fe105f0.eot" ttf="37942b37-f74a-4adf-91a0-6866ad671859.ttf" svg="1aa79473-3e74-468a-a0fe-f575dea12203.svg" woff2="185ac1c7-6f53-44a3-9eb9-6426c900c088.woff2"/></fonts>